<?xml version="1.0" ?>
<LOG_ROOT>
	<PROJECT NAME="main">
		<CBX_INST_ENTRY INSTANCE_NAME="|main|cache:inst|cache_line:inst15|lpm_decode0:inst20|lpm_decode:lpm_decode_component" CBX_FILE_NAME="decode_e9f.tdf"/>
		<CBX_INST_ENTRY INSTANCE_NAME="|main|cache:inst|cache_line:inst6|lpm_decode0:inst20|lpm_decode:lpm_decode_component" CBX_FILE_NAME="decode_e9f.tdf"/>
		<CBX_INST_ENTRY INSTANCE_NAME="|main|cache:inst|cache_line:inst16|lpm_decode0:inst20|lpm_decode:lpm_decode_component" CBX_FILE_NAME="decode_e9f.tdf"/>
		<CBX_INST_ENTRY INSTANCE_NAME="|main|cache:inst|cache_line:inst7|lpm_decode0:inst20|lpm_decode:lpm_decode_component" CBX_FILE_NAME="decode_e9f.tdf"/>
		<CBX_INST_ENTRY INSTANCE_NAME="|main|cache:inst|cache_line:inst17|lpm_decode0:inst20|lpm_decode:lpm_decode_component" CBX_FILE_NAME="decode_e9f.tdf"/>
		<CBX_INST_ENTRY INSTANCE_NAME="|main|cache:inst|cache_line:inst8|lpm_decode0:inst20|lpm_decode:lpm_decode_component" CBX_FILE_NAME="decode_e9f.tdf"/>
		<CBX_INST_ENTRY INSTANCE_NAME="|main|cache:inst|cache_line:inst|lpm_decode0:inst20|lpm_decode:lpm_decode_component" CBX_FILE_NAME="decode_e9f.tdf"/>
		<CBX_INST_ENTRY INSTANCE_NAME="|main|cache:inst|lpm_compare0:inst26|lpm_compare:lpm_compare_component" CBX_FILE_NAME="cmpr_eig.tdf"/>
		<CBX_INST_ENTRY INSTANCE_NAME="|main|cache:inst|lpm_counter1:inst66|lpm_counter:lpm_counter_component" CBX_FILE_NAME="cntr_t3i.tdf"/>
		<CBX_INST_ENTRY INSTANCE_NAME="|main|cache:inst|cache_line:inst10|lpm_decode0:inst20|lpm_decode:lpm_decode_component" CBX_FILE_NAME="decode_e9f.tdf"/>
		<CBX_INST_ENTRY INSTANCE_NAME="|main|cache:inst|cache_line:inst9|lpm_decode0:inst20|lpm_decode:lpm_decode_component" CBX_FILE_NAME="decode_e9f.tdf"/>
		<CBX_INST_ENTRY INSTANCE_NAME="|main|cache:inst|lpm_compare0:inst18|lpm_compare:lpm_compare_component" CBX_FILE_NAME="cmpr_eig.tdf"/>
		<CBX_INST_ENTRY INSTANCE_NAME="|main|cache:inst|lpm_compare0:inst27|lpm_compare:lpm_compare_component" CBX_FILE_NAME="cmpr_eig.tdf"/>
		<CBX_INST_ENTRY INSTANCE_NAME="|main|cache:inst|lpm_counter2:inst84|lpm_counter:lpm_counter_component" CBX_FILE_NAME="cntr_qlh.tdf"/>
		<CBX_INST_ENTRY INSTANCE_NAME="|main|cache:inst|cache_line:inst11|lpm_decode0:inst20|lpm_decode:lpm_decode_component" CBX_FILE_NAME="decode_e9f.tdf"/>
		<CBX_INST_ENTRY INSTANCE_NAME="|main|cache:inst|lpm_compare0:inst19|lpm_compare:lpm_compare_component" CBX_FILE_NAME="cmpr_eig.tdf"/>
		<CBX_INST_ENTRY INSTANCE_NAME="|main|cache:inst|lpm_compare0:inst20|lpm_compare:lpm_compare_component" CBX_FILE_NAME="cmpr_eig.tdf"/>
		<CBX_INST_ENTRY INSTANCE_NAME="|main|cache:inst|lpm_compare0:inst28|lpm_compare:lpm_compare_component" CBX_FILE_NAME="cmpr_eig.tdf"/>
		<CBX_INST_ENTRY INSTANCE_NAME="|main|cache:inst|lpm_counter4:inst38|lpm_counter:lpm_counter_component" CBX_FILE_NAME="cntr_lki.tdf"/>
		<CBX_INST_ENTRY INSTANCE_NAME="|main|cache:inst|cache_line:inst12|lpm_decode0:inst20|lpm_decode:lpm_decode_component" CBX_FILE_NAME="decode_e9f.tdf"/>
		<CBX_INST_ENTRY INSTANCE_NAME="|main|cache:inst|cache_line:inst3|lpm_decode0:inst20|lpm_decode:lpm_decode_component" CBX_FILE_NAME="decode_e9f.tdf"/>
		<CBX_INST_ENTRY INSTANCE_NAME="|main|cache:inst|lpm_compare0:inst21|lpm_compare:lpm_compare_component" CBX_FILE_NAME="cmpr_eig.tdf"/>
		<CBX_INST_ENTRY INSTANCE_NAME="|main|cache:inst|lpm_compare0:inst29|lpm_compare:lpm_compare_component" CBX_FILE_NAME="cmpr_eig.tdf"/>
		<CBX_INST_ENTRY INSTANCE_NAME="|main|cache:inst|lpm_compare0:inst30|lpm_compare:lpm_compare_component" CBX_FILE_NAME="cmpr_eig.tdf"/>
		<CBX_INST_ENTRY INSTANCE_NAME="|main|cache:inst|cache_line:inst13|lpm_decode0:inst20|lpm_decode:lpm_decode_component" CBX_FILE_NAME="decode_e9f.tdf"/>
		<CBX_INST_ENTRY INSTANCE_NAME="|main|cache:inst|cache_line:inst4|lpm_decode0:inst20|lpm_decode:lpm_decode_component" CBX_FILE_NAME="decode_e9f.tdf"/>
		<CBX_INST_ENTRY INSTANCE_NAME="|main|cache:inst|lpm_compare0:inst22|lpm_compare:lpm_compare_component" CBX_FILE_NAME="cmpr_eig.tdf"/>
		<CBX_INST_ENTRY INSTANCE_NAME="|main|cache:inst|lpm_compare0:inst31|lpm_compare:lpm_compare_component" CBX_FILE_NAME="cmpr_eig.tdf"/>
		<CBX_INST_ENTRY INSTANCE_NAME="|main|lpm_ram_dq0:inst1|altsyncram:altsyncram_component" CBX_FILE_NAME="altsyncram_inc1.tdf"/>
		<CBX_INST_ENTRY INSTANCE_NAME="|main|cache:inst|cache_line:inst14|lpm_decode0:inst20|lpm_decode:lpm_decode_component" CBX_FILE_NAME="decode_e9f.tdf"/>
		<CBX_INST_ENTRY INSTANCE_NAME="|main|cache:inst|cache_line:inst5|lpm_decode0:inst20|lpm_decode:lpm_decode_component" CBX_FILE_NAME="decode_e9f.tdf"/>
		<CBX_INST_ENTRY INSTANCE_NAME="|main|cache:inst|lpm_compare0:inst23|lpm_compare:lpm_compare_component" CBX_FILE_NAME="cmpr_eig.tdf"/>
		<CBX_INST_ENTRY INSTANCE_NAME="|main|cache:inst|lpm_compare0:inst32|lpm_compare:lpm_compare_component" CBX_FILE_NAME="cmpr_eig.tdf"/>
		<CBX_INST_ENTRY INSTANCE_NAME="|main|cache:inst|lpm_compare0:inst24|lpm_compare:lpm_compare_component" CBX_FILE_NAME="cmpr_eig.tdf"/>
		<CBX_INST_ENTRY INSTANCE_NAME="|main|cache:inst|lpm_compare0:inst33|lpm_compare:lpm_compare_component" CBX_FILE_NAME="cmpr_eig.tdf"/>
		<CBX_INST_ENTRY INSTANCE_NAME="|main|cache:inst|lpm_decode2:inst85|lpm_decode:lpm_decode_component" CBX_FILE_NAME="decode_e9f.tdf"/>
		<CBX_INST_ENTRY INSTANCE_NAME="|main|cache:inst|lpm_compare0:inst25|lpm_compare:lpm_compare_component" CBX_FILE_NAME="cmpr_eig.tdf"/>
		<CBX_INST_ENTRY INSTANCE_NAME="|main|cache:inst|lpm_decode4:inst75|lpm_decode:lpm_decode_component" CBX_FILE_NAME="decode_d9f.tdf"/>
	</PROJECT>
</LOG_ROOT>
