<?xml version="1.0" ?>
<LOG_ROOT>
	<PROJECT NAME="Main">
		<CBX_INST_ENTRY INSTANCE_NAME="|Main|Master1:inst|lpm_counter1:inst18|lpm_counter:lpm_counter_component" CBX_FILE_NAME="cntr_4pi.tdf"/>
		<CBX_INST_ENTRY INSTANCE_NAME="|Main|Master2:inst2|lpm_constant8:inst1|lpm_constant:lpm_constant_component" CBX_FILE_NAME="lpm_constant_sf6.tdf"/>
		<CBX_INST_ENTRY INSTANCE_NAME="|Main|Master3:inst3|lpm_constant3:inst4|lpm_constant:lpm_constant_component" CBX_FILE_NAME="lpm_constant_be6.tdf"/>
		<CBX_INST_ENTRY INSTANCE_NAME="|Main|Master4:inst5|lpm_constant10:inst3|lpm_constant:lpm_constant_component" CBX_FILE_NAME="lpm_constant_uf6.tdf"/>
		<CBX_INST_ENTRY INSTANCE_NAME="|Main|Master4:inst5|lpm_constant4:inst|lpm_constant:lpm_constant_component" CBX_FILE_NAME="lpm_constant_7e6.tdf"/>
		<CBX_INST_ENTRY INSTANCE_NAME="|Main|Arbiter2:inst7|lpm_counter2:inst4|lpm_counter:lpm_counter_component" CBX_FILE_NAME="cntr_q3i.tdf"/>
		<CBX_INST_ENTRY INSTANCE_NAME="|Main|Master2:inst2|BUSMUX:inst8|lpm_mux:$00000" CBX_FILE_NAME="mux_nnc.tdf"/>
		<CBX_INST_ENTRY INSTANCE_NAME="|Main|Slave4:inst15|lpm_constant4:inst1|lpm_constant:lpm_constant_component" CBX_FILE_NAME="lpm_constant_7e6.tdf"/>
		<CBX_INST_ENTRY INSTANCE_NAME="|Main|Arbiter2:inst7|lpm_compare10:inst2|lpm_compare:lpm_compare_component" CBX_FILE_NAME="cmpr_g8j.tdf"/>
		<CBX_INST_ENTRY INSTANCE_NAME="|Main|Master1:inst|lpm_compare0:inst17|lpm_compare:lpm_compare_component" CBX_FILE_NAME="cmpr_aig.tdf"/>
		<CBX_INST_ENTRY INSTANCE_NAME="|Main|Master2:inst2|lpm_counter1:inst18|lpm_counter:lpm_counter_component" CBX_FILE_NAME="cntr_4pi.tdf"/>
		<CBX_INST_ENTRY INSTANCE_NAME="|Main|Master3:inst3|BUSMUX:inst8|lpm_mux:$00000" CBX_FILE_NAME="mux_nnc.tdf"/>
		<CBX_INST_ENTRY INSTANCE_NAME="|Main|Slave3:inst14|lpm_constant3:inst6|lpm_constant:lpm_constant_component" CBX_FILE_NAME="lpm_constant_be6.tdf"/>
		<CBX_INST_ENTRY INSTANCE_NAME="|Main|Master1:inst|lpm_constant0:inst|lpm_constant:lpm_constant_component" CBX_FILE_NAME="lpm_constant_rf6.tdf"/>
		<CBX_INST_ENTRY INSTANCE_NAME="|Main|Master4:inst5|BUSMUX:inst6|lpm_mux:$00000" CBX_FILE_NAME="mux_nnc.tdf"/>
		<CBX_INST_ENTRY INSTANCE_NAME="|Main|Slave3:inst14|lpm_compare7:inst4|lpm_compare:lpm_compare_component" CBX_FILE_NAME="cmpr_9ig.tdf"/>
		<CBX_INST_ENTRY INSTANCE_NAME="|Main|Arbiter2:inst7|BUSMUX:inst37|lpm_mux:$00000" CBX_FILE_NAME="mux_qnc.tdf"/>
		<CBX_INST_ENTRY INSTANCE_NAME="|Main|Arbiter2:inst7|lpm_compare11:inst3|lpm_compare:lpm_compare_component" CBX_FILE_NAME="cmpr_g8j.tdf"/>
		<CBX_INST_ENTRY INSTANCE_NAME="|Main|Arbiter2:inst7|lpm_decode0:inst15|lpm_decode:lpm_decode_component" CBX_FILE_NAME="decode_p7f.tdf"/>
		<CBX_INST_ENTRY INSTANCE_NAME="|Main|Master3:inst3|lpm_constant9:inst3|lpm_constant:lpm_constant_component" CBX_FILE_NAME="lpm_constant_tf6.tdf"/>
		<CBX_INST_ENTRY INSTANCE_NAME="|Main|Master3:inst3|lpm_counter1:inst18|lpm_counter:lpm_counter_component" CBX_FILE_NAME="cntr_4pi.tdf"/>
		<CBX_INST_ENTRY INSTANCE_NAME="|Main|Master4:inst5|lpm_constant33:inst21|lpm_constant:lpm_constant_component" CBX_FILE_NAME="lpm_constant_8e6.tdf"/>
		<CBX_INST_ENTRY INSTANCE_NAME="|Main|Master1:inst|lpm_add_sub5:inst14|lpm_add_sub:lpm_add_sub_component" CBX_FILE_NAME="add_sub_toh.tdf"/>
		<CBX_INST_ENTRY INSTANCE_NAME="|Main|Master1:inst|lpm_constant:inst6" CBX_FILE_NAME="lpm_constant_t64.tdf"/>
		<CBX_INST_ENTRY INSTANCE_NAME="|Main|Master2:inst2|lpm_compare0:inst17|lpm_compare:lpm_compare_component" CBX_FILE_NAME="cmpr_aig.tdf"/>
		<CBX_INST_ENTRY INSTANCE_NAME="|Main|Master2:inst2|lpm_constant13:inst3|lpm_constant:lpm_constant_component" CBX_FILE_NAME="lpm_constant_9e6.tdf"/>
		<CBX_INST_ENTRY INSTANCE_NAME="|Main|Master3:inst3|lpm_constant23:inst|lpm_constant:lpm_constant_component" CBX_FILE_NAME="lpm_constant_ae6.tdf"/>
		<CBX_INST_ENTRY INSTANCE_NAME="|Main|Master4:inst5|lpm_add_sub5:inst14|lpm_add_sub:lpm_add_sub_component" CBX_FILE_NAME="add_sub_toh.tdf"/>
		<CBX_INST_ENTRY INSTANCE_NAME="|Main|Slave4:inst15|lpm_compare7:inst4|lpm_compare:lpm_compare_component" CBX_FILE_NAME="cmpr_9ig.tdf"/>
		<CBX_INST_ENTRY INSTANCE_NAME="|Main|Arbiter2:inst7|lpm_compare8:inst|lpm_compare:lpm_compare_component" CBX_FILE_NAME="cmpr_kni.tdf"/>
		<CBX_INST_ENTRY INSTANCE_NAME="|Main|Master1:inst|lpm_constant03:inst1|lpm_constant:lpm_constant_component" CBX_FILE_NAME="lpm_constant_5e6.tdf"/>
		<CBX_INST_ENTRY INSTANCE_NAME="|Main|Master3:inst3|lpm_compare0:inst17|lpm_compare:lpm_compare_component" CBX_FILE_NAME="cmpr_aig.tdf"/>
		<CBX_INST_ENTRY INSTANCE_NAME="|Main|Master4:inst5|lpm_counter1:inst18|lpm_counter:lpm_counter_component" CBX_FILE_NAME="cntr_4pi.tdf"/>
		<CBX_INST_ENTRY INSTANCE_NAME="|Main|Arbiter2:inst7|lpm_constant7:inst36|lpm_constant:lpm_constant_component" CBX_FILE_NAME="lpm_constant_de6.tdf"/>
		<CBX_INST_ENTRY INSTANCE_NAME="|Main|Master2:inst2|lpm_add_sub5:inst14|lpm_add_sub:lpm_add_sub_component" CBX_FILE_NAME="add_sub_toh.tdf"/>
		<CBX_INST_ENTRY INSTANCE_NAME="|Main|Master2:inst2|lpm_constant2:inst|lpm_constant:lpm_constant_component" CBX_FILE_NAME="lpm_constant_6e6.tdf"/>
		<CBX_INST_ENTRY INSTANCE_NAME="|Main|Slave2:inst12|lpm_compare7:inst4|lpm_compare:lpm_compare_component" CBX_FILE_NAME="cmpr_9ig.tdf"/>
		<CBX_INST_ENTRY INSTANCE_NAME="|Main|Arbiter2:inst7|lpm_compare9:inst1|lpm_compare:lpm_compare_component" CBX_FILE_NAME="cmpr_g8j.tdf"/>
		<CBX_INST_ENTRY INSTANCE_NAME="|Main|Master1:inst|BUSMUX:inst4|lpm_mux:$00000" CBX_FILE_NAME="mux_nnc.tdf"/>
		<CBX_INST_ENTRY INSTANCE_NAME="|Main|Slave2:inst12|lpm_constant2:inst1|lpm_constant:lpm_constant_component" CBX_FILE_NAME="lpm_constant_6e6.tdf"/>
		<CBX_INST_ENTRY INSTANCE_NAME="|Main|Master1:inst|lpm_constant1:inst15|lpm_constant:lpm_constant_component" CBX_FILE_NAME="lpm_constant_4e6.tdf"/>
		<CBX_INST_ENTRY INSTANCE_NAME="|Main|Master3:inst3|lpm_add_sub5:inst14|lpm_add_sub:lpm_add_sub_component" CBX_FILE_NAME="add_sub_toh.tdf"/>
		<CBX_INST_ENTRY INSTANCE_NAME="|Main|Master4:inst5|lpm_compare0:inst17|lpm_compare:lpm_compare_component" CBX_FILE_NAME="cmpr_aig.tdf"/>
		<CBX_INST_ENTRY INSTANCE_NAME="|Main|Slave1:inst6|lpm_compare7:inst4|lpm_compare:lpm_compare_component" CBX_FILE_NAME="cmpr_9ig.tdf"/>
		<CBX_INST_ENTRY INSTANCE_NAME="|Main|Slave1:inst6|lpm_constant1:inst1|lpm_constant:lpm_constant_component" CBX_FILE_NAME="lpm_constant_4e6.tdf"/>
	</PROJECT>
</LOG_ROOT>
