<?xml version="1.0" ?>
<LOG_ROOT>
	<PROJECT NAME="qwertyuiopLAB4">
		<CBX_INST_ENTRY INSTANCE_NAME="|qwertyuiopLAB4|cpu:inst|lpm_decode0:inst|lpm_decode:lpm_decode_component" CBX_FILE_NAME="decode_u7f.tdf"/>
		<CBX_INST_ENTRY INSTANCE_NAME="|qwertyuiopLAB4|cpu:inst|lpm_mux0:inst2|lpm_mux:lpm_mux_component" CBX_FILE_NAME="mux_9pc.tdf"/>
		<CBX_INST_ENTRY INSTANCE_NAME="|qwertyuiopLAB4|poh:inst3|lpm_decode2:inst|lpm_decode:lpm_decode_component" CBX_FILE_NAME="decode_u7f.tdf"/>
		<CBX_INST_ENTRY INSTANCE_NAME="|qwertyuiopLAB4|cpu:inst|BUSMUX:inst10|lpm_mux:$00000" CBX_FILE_NAME="mux_7pc.tdf"/>
		<CBX_INST_ENTRY INSTANCE_NAME="|qwertyuiopLAB4|cpu:inst|lpm_add_sub0:inst9|lpm_add_sub:lpm_add_sub_component" CBX_FILE_NAME="add_sub_bqh.tdf"/>
		<CBX_INST_ENTRY INSTANCE_NAME="|qwertyuiopLAB4|cpu:inst|lpm_counter0:inst1|lpm_counter:lpm_counter_component" CBX_FILE_NAME="cntr_r3i.tdf"/>
		<CBX_INST_ENTRY INSTANCE_NAME="|qwertyuiopLAB4|cpu:inst|lpm_decode1:inst11|lpm_decode:lpm_decode_component" CBX_FILE_NAME="decode_p7f.tdf"/>
		<CBX_INST_ENTRY INSTANCE_NAME="|qwertyuiopLAB4|ram:inst2|lpm_ram_dq0:inst3|altsyncram:altsyncram_component" CBX_FILE_NAME="altsyncram_cca1.tdf"/>
		<CBX_INST_ENTRY INSTANCE_NAME="|qwertyuiopLAB4|rom:inst1|lpm_rom0:inst|altsyncram:altsyncram_component" CBX_FILE_NAME="altsyncram_7b51.tdf"/>
	</PROJECT>
</LOG_ROOT>
