<?xml version="1.0" ?>
<LOG_ROOT>
	<PROJECT NAME="lab3">
		<CBX_INST_ENTRY INSTANCE_NAME="|lab3|buffer:inst2|lpm_compare0:inst27|lpm_compare:lpm_compare_component" CBX_FILE_NAME="cmpr_h8j.tdf"/>
		<CBX_INST_ENTRY INSTANCE_NAME="|lab3|buffer:inst2|lpm_compare2:inst29|lpm_compare:lpm_compare_component" CBX_FILE_NAME="cmpr_j8j.tdf"/>
		<CBX_INST_ENTRY INSTANCE_NAME="|lab3|buffer:inst2|lpm_counter0:inst15|lpm_counter:lpm_counter_component" CBX_FILE_NAME="cntr_t3i.tdf"/>
		<CBX_INST_ENTRY INSTANCE_NAME="|lab3|buffer:inst2|lpm_mux0:inst26|lpm_mux:lpm_mux_component" CBX_FILE_NAME="mux_f4e.tdf"/>
		<CBX_INST_ENTRY INSTANCE_NAME="|lab3|lpm_rom0:inst|altsyncram:altsyncram_component" CBX_FILE_NAME="altsyncram_cr61.tdf"/>
		<CBX_INST_ENTRY INSTANCE_NAME="|lab3|BUSMUX:inst3|lpm_mux:$00000" CBX_FILE_NAME="mux_unc.tdf"/>
		<CBX_INST_ENTRY INSTANCE_NAME="|lab3|buffer:inst2|lpm_compare3:inst30|lpm_compare:lpm_compare_component" CBX_FILE_NAME="cmpr_j8j.tdf"/>
		<CBX_INST_ENTRY INSTANCE_NAME="|lab3|buffer:inst2|lpm_compare5:inst32|lpm_compare:lpm_compare_component" CBX_FILE_NAME="cmpr_j8j.tdf"/>
		<CBX_INST_ENTRY INSTANCE_NAME="|lab3|buffer:inst2|lpm_compare7:inst34|lpm_compare:lpm_compare_component" CBX_FILE_NAME="cmpr_j8j.tdf"/>
		<CBX_INST_ENTRY INSTANCE_NAME="|lab3|BUSMUX:inst4|lpm_mux:$00000" CBX_FILE_NAME="mux_unc.tdf"/>
		<CBX_INST_ENTRY INSTANCE_NAME="|lab3|buffer:inst2|lpm_compare1:inst28|lpm_compare:lpm_compare_component" CBX_FILE_NAME="cmpr_j8j.tdf"/>
		<CBX_INST_ENTRY INSTANCE_NAME="|lab3|buffer:inst2|lpm_compare4:inst31|lpm_compare:lpm_compare_component" CBX_FILE_NAME="cmpr_j8j.tdf"/>
		<CBX_INST_ENTRY INSTANCE_NAME="|lab3|buffer:inst2|lpm_compare6:inst33|lpm_compare:lpm_compare_component" CBX_FILE_NAME="cmpr_j8j.tdf"/>
		<CBX_INST_ENTRY INSTANCE_NAME="|lab3|buffer:inst2|lpm_counter1:inst|lpm_counter:lpm_counter_component" CBX_FILE_NAME="cntr_r3i.tdf"/>
		<CBX_INST_ENTRY INSTANCE_NAME="|lab3|lpm_ram_dq0:inst1|altsyncram:altsyncram_component" CBX_FILE_NAME="altsyncram_o9a1.tdf"/>
	</PROJECT>
</LOG_ROOT>
